1991,Boulder Dash,1984,7,,
1991,Chronos,1987,7,,
1991,Exolon,1987,7,,
1991,Into the Eagle's Nest,1986,7,,
1991,Saboteur!,1985,8,,
1991,Zorro,1986,7,,
1992,Bionic Commando,1988,7,,
1992,Bomberman,1990,8,,
1992,Championship Lode Runner,1984,7,,
1992,Elite,1984,6,,
1992,Pac-Man,1980,6,,
1992,R-type,1987,7,,
1992,RoboCop,1988,7,,RoboCop
1993,Batman,1989,7,,Batman
1993,Battle City,1985,8,,
1993,Chip 'n Dale Rescue Rangers,1990,8,,Chip n Dale Rescue Rangers
1993,Circus Charlie,1984,5,,
1993,Contra,1987,9,,Contra
1993,Doki! Doki! Yūenchi: Crazy Land Daisakusen,1991,8,,
1993,Double Dragon,1987,8,,Double Dragon
1993,Duck Hunt,1984,6,,
1993,Duck Tales,1989,9,,DuckTales
1993,Excitebike,1984,6,,
1993,Gun.Smoke,1985,8,,
1993,Ice Climber,1985,6,,
1993,Jackal,1986,9,,
1993,Mickey Mousecapade,1987,7,,
1993,Road Fighter,1984,6,,
1993,Tale Spin,1991,8,,
1993,Wild Gunman,1984,7,,
1993,Yie Ar Kung-Fu,1985,6,,
1994,Captain America and the Avengers,1991,6,,
1994,Chip ’n Dale Rescue Rangers 2,1993,8,,Chip n Dale Rescue Rangers
1994,Contra Force,1992,8,,Contra
1994,Double Dragon II: The Revenge,1989,8,,Double Dragon
1994,Double Dragon III: The Sacred Stones,1991,8,,Double Dragon
1994,Dr. Mario,1990,6,,
1994,DuckTales 2,1993,9,,DuckTales
1994,Felix the Cat,1992,7,,
1994,Flying Hero,1992,7,,
1994,Popeye,1982,6,,
1994,Super Contra,1988,7,,Contra
1994,Super Mario Bros.,1985,8,,Super Mario
1994,Super Mario Bros. 3,1988,8,,Super Mario
1994,Teenage Mutant Ninja Turtles,1989,7,,Teenage Mutant Ninja Turtles
1994,Teenage Mutant Ninja Turtles II: The Arcade Game,1990,7,,Teenage Mutant Ninja Turtles
1994,Tiny Toon Adventures,1991,8,,
1995,Castlevania: Bloodlines,1994,7,,Castlevania
1995,Championship Pro-Am,1992,6,,
1995,Columns,1990,6,,
1995,Fantastic Dizzy,1991,7,,
1995,Ninja Gaiden II: The Dark Sword of Chaos,1990,8,,
1995,Sonic the Hedgehog,1991,7,,Sonic the Hedgehog
1995,Sonic the Hedgehog 2,1992,7,,Sonic the Hedgehog
1995,Teenage Mutant Ninja Turtles III: The Manhattan Project,1991,8,,Teenage Mutant Ninja Turtles
1995,The Immortal,1991,7,,
1995,Tom & Jerry,1991,8,,
1996,Aero the Acro-Bat,1993,7,,
1996,Boogerman: A Pick and Flick Adventure,1994,8,,
1996,Chase H.Q. II,1992,7,,
1996,Cliffhanger,1993,7,,
1996,Dick Tracy,1990,6,,
1996,FIFA International Soccer,1993,6,,
1996,Flicky,1991,6,,
1996,Home Alone 2: Lost in New York,1993,6,,
1996,Jurassic Park,1993,8,,Jurassic Park
1996,Mortal Kombat,1992,6,,Mortal Kombat
1996,Sonic & Knuckles,1994,8,,Sonic the Hedgehog
1996,Sonic the Hedgehog CD,1993,7,,Sonic the Hedgehog
1996,Streets of Rage,1991,8,,Streets of Rage
1996,Streets of Rage 2,1992,8,,Streets of Rage
1996,Taz-Mania,1992,7,,
1996,The Jungle Book,1994,7,,
1996,The Pirates Of Dark Water,1994,7,,
1996,The Simpsons: Bart's Nightmare,1992,5,,
1997,Ariel the Little Mermaid,1992,7,,
1997,Batman Forever,1995,8,,Batman
1997,Beyond Oasis,1994,9,,
1997,Contra: Hard Corps,1994,10,,Contra
1997,Cool Spot,1993,7,,
1997,Desert Strike: Return to the Gulf,1992,8,,Strike
1997,Ecco Jr.,1995,7,,Ecco the Dolphin
1997,Flashback: The Quest for Identity,1992,8,,
1997,Garfield: Caught in the Act,1995,7,,
1997,Joe & Mac,1994,7,,
1997,Jungle Strike,1993,10,,Strike
1997,Jurassic Park: Rampage Edition,1994,7,,Jurassic Park
1997,Micro Machines,1993,8,,Micro Machines
1997,Mortal Kombat 2,1994,8,,Mortal Kombat
1997,Prince of Persia,1993,7,,Prince of Persia
1997,Road Rash 2,1992,7,,Road Rash
1997,Road Rash 3: Tour de Force,1994,8,,Road Rash
1997,Shadow Dancer,1990,7,,
1997,Shove It! …The Warehouse Game,1990,7,,
1997,Stargate,1995,7,,
1997,Street Racer,1995,7,,
1997,Teenage Mutant Ninja Turtles: The Hyperstone Heist,1992,8,,Teenage Mutant Ninja Turtles
1997,Teenage Mutant Ninja Turtles: Tournament Fighters,1993,6,,Teenage Mutant Ninja Turtles
1997,The Incredible Hulk,1994,8,,
1997,Urban Strike ,1994,9,,Strike
1997,Warlock,1994,6,,
1997,World of Illusion Starring Mickey Mouse and Donald Duck,1992,9,,
1997,X-Men,1993,8,,X-Men
1998,Aerobiz,1992,8,,
1998,Asterix and the Power of the Gods,1995,9,,
1998,Battletech,1994,8,,
1998,Beauty & The Beast: Roar of the Beast,1993,7,,
1998,Beavis & Butt-Head,1994,7,,
1998,Cannon Fodder,1993,9,,
1998,Cutthroat Island,1995,6,,
1998,Disney’s Aladdin,1993,9,,
1998,Generations Lost,1994,6,,
1998,Ghostbusters,1990,6,,
1998,Indiana Jones and the Last Crusade,1992,6,,
1998,Judge Dredd,1995,8,,
1998,Micro Machines 2: Turbo Tournament,1994,8,,Micro Machines
1998,Mutant Chronicles: Doom Troopers,1995,7,,
1998,Pirates! Gold,1993,8,,
1998,Pitfall: The Mayan Adventure,1995,7,,
1998,Rock N' Roll Racing,1994,8,,
1998,Skeleton Krew,1995,7,,
1998,Sonic 3D Blast,1996,7,,Sonic the Hedgehog
1998,Sonic the Hedgehog 3,1995,7,,Sonic the Hedgehog
1998,Spot Goes to Hollywood,1995,9,,
1998,Streets of Rage 3,1994,8,,Streets of Rage
1998,Super Street Fighter II,1994,7,,
1998,The Lawnmower Man,1994,7,,
1998,Tiny Toon Adventures: Buster's Hidden Treasure,1993,8,,
1998,True Lies,1995,8,,
1998,Vectorman 2,1996,7,,
1998,X-Men 2: Clone Wars,1995,8,,X-Men
1999,ATP Tour Championship Tennis,1994,7,,
1999,Daffy Duck in Hollywood,1994,7,,
1999,Disney's Pinocchio,1995,7,,
1999,Donald in Maui Mallard,1995,8,,
1999,Gunship,1993,6,,
1999,James Bond 007: The Duel,1993,7,,
1999,Krusty’s Super Fun House,1992,8,,
1999,Lion King,1994,8,,
1999,Mortal Kombat 3,1995,9,,Mortal Kombat
1999,NHL '94,1993,7,,
1999,Red Zone,1994,8,,
1999,Small Soldiers,1998,7,,
1999,Sunset Riders,1992,8,,
1999,Twisted Metal,1995,8,,
1999,Worms,1995,8,,
1999,Zero Tolerance,1994,7,,
2000,Dragon: The Bruce Lee Story,1993,7,,
2000,Lethal Enforcers,1993,8,,
2001,Брат 2: Обратно в Америку,2000,4,,
2001,Братья Пилоты: Дело о сеpийном маньяке,1998,7,,Братья Пилоты
2001,Братья Пилоты: По следам полосатого слона,1997,7,,Братья Пилоты
2001,ГЭГ: Отвязное приключение,1997,8,,ГЭГ
2001,Blade Runner,1997,8,,
2001,Ecco the Dolphin,1992,7,,Ecco the Dolphin
2001,Ecco: The Tides of Time,1994,7,,Ecco the Dolphin
2001,Light Crusader,1995,9,,
2001,Need for Speed: Porsche,2000,8,,Need for Speed
2001,Soldier of Fortune,2000,7,,
2001,Star Wars Episode I: Racer,1999,8,,Star Wars
2002,Провинциальный игрок,1997,7,,
2002,Проклятые земли,2000,9,,
2002,ШтЫрлиц 2: Танго в Пампасах,2000,7,,Штырлиц
2002,"Штырлиц: Операция ""Бюст""",2000,7,,Штырлиц
2002,Battle Realms,2001,8,,
2002,Comanche 4,2001,7,,
2002,Dune 2000,1998,7,,Dune
2002,Full Throttle,1995,9,,
2002,Gold and Glory: The Road to El Dorado,2000,5,,
2002,Hogs of War,2000,7,,
2002,Martian Gothic: Unification,2000,7,,Gothic
2002,MDK2,2000,8,,
2002,MechCommander,1998,7,,
2002,Need for Speed: Hot Pursuit 2,2001,7,,Need for Speed
2002,Oni,2001,7,,
2002,Return to Castle Wolfenstein,2001,8,,Wolfenstein
2002,Rune,2000,6,,
2002,Severance: Blade of Darkness,2001,7,,
2002,Shogun: Total War,2000,8,,
2002,The Lost Vikings,1993,8,,
2002,Tony Hawk's Pro Skater 2,2000,7,,
2002,Vampire: The Masquerade – Redemption,2000,7,,
2003,ГЭГ 2: Назад в будущее,2002,5,,ГЭГ
2003,Петька и Василий Иванович 2: Судный день,1999,8,,Петька и Василий Иванович
2003,Arcanum: Of Steamworks and Magick Obscura,2001,7,,
2003,Black & White,2001,8,,
2003,Clive Barker's Undying,2001,8,,
2003,Cossacs,2000,7,,Cossacks
2003,Diggles: The Myth Of Fenris,2001,7,,
2003,Dragonriders: Chronicles of Pern,2001,6,,
2003,Earth 2150,2000,7,,
2003,Grand Theft Auto III,2001,7,,Grand Theft Auto
2003,Half-Life,1998,7,,Half-Life
2003,Heroes of Might and Magic III,1999,9,,Heroes of Might and Magic
2003,Heroes of Might and Magic III: The Shadow of Death,2002,8,,Heroes of Might and Magic
2003,Hitman,2000,7,,Hitman
2003,Max Payne,2001,8,,Max Payne
2003,Star Trek: Voyager Elite Force,2000,6,,
2003,Messiah,2000,7,,
2003,No One Lives Forever,2000,8,,No One Lives Forever
2003,Post Mortem,2002,6,,
2003,Project Nomads,2002,8,,
2003,Sudden Strike,2000,8,,
2003,The Devil Inside,2000,6,,
2003,Tom Clancy’s Splinter Cell,2002,8,,Tom Clancy’s Splinter Cell
2003,Warcraft III,2002,9,,
2004,Глаз дракона,2002,6,,
2004,Петька 3: Возвращение Аляски,2001,6,,Петька и Василий Иванович
2004,Полная труба,2003,7,,
2004,ШтЫрлиц 3: Агент СССР,2002,6,,Штырлиц
2004,Ядерный титбит,2003,7,,Ядерный титбит
2004,American McGee’s Alice,2000,8,,
2004,Command & Conquer: Red Alert 2,2000,8,,Command & Conquer
2004,Enter the Matrix,2003,6,,
2004,Fallout,1997,9,,Fallout
2004,Grand Theft Auto: Vice City,2002,8,,Grand Theft Auto
2004,Halo,2001,7,,
2004,Heavy Metal: F.A.K.K.²,2000,7,,
2004,Heroes of Might and Magic IV,2002,7,,Heroes of Might and Magic
2004,Hitman 2: Silent Assassin,2002,7,,Hitman
2004,Mafia,2002,10,,Mafia
2004,MechWarrior 3,1999,8,,
2004,Need for Speed: Underground,2003,8,,Need for Speed
2004,Neverhood,1996,9,,
2004,No One Lives Forever 2: A Spy in H.A.R.M.’s Way,2002,7,,No One Lives Forever
2004,Postal 2,2003,7,,
2004,Prince of Persia: The Sands of Time,2003,9,,Prince of Persia
2004,Resident Evil 3: Nemesis,1999,9,,Resident Evil
2004,Silent Hill 2,2001,9,,Silent Hill
2004,Silent Hill 3,2003,9,,Silent Hill
2004,The Elder Scrolls III: Morrowind,2002,8,,
2004,The Sting! (Ва-Банк),2001,8,,
2004,True Crime: Streets of LA,2003,7,,True Crime
2004,UFO: Aftermath,2003,7,,
2004,Will Rock,2003,6,,
2004,Zuma,2003,7,,
2005,В тылу врага,2004,7,,
2005,Периметр,2004,8,,
2005,Петька 4: День независимости,2003,6,,Петька и Василий Иванович
2005,Alexander,2004,5,,
2005,Archangel,2002,5,,
2005,Doom 3,2004,7,,Doom
2005,Evil Genius,2004,8,,
2005,Fable,2004,9,,Fable
2005,Fallout 2,1998,10,,Fallout
2005,Far Cry,2004,7,,Far Cry
2005,Hitman: Contracts,2004,7,,Contra
2005,Max Payne 2: The Fall of Max Payne,2003,8,,Max Payne
2005,Medal of Honor: Pacific Assault,2004,7,,Medal of Honor
2005,Medieval: Total War,2002,7,,
2005,Men of Valor,2004,7,,
2005,Myst III: Exile,2001,8,,Myst
2005,Need for Speed: Underground 2,2004,8,,Need for Speed
2005,Painkiller,2004,7,,Painkiller
2005,Painkiller: Battle out of Hell,2004,7,,Painkiller
2005,Prince of Persia: Warrior Within,2004,9,,Prince of Persia
2005,Return to Mysterious Island,2004,7,,Return to Mysterious Island
2005,Rise of Nations,2003,7,,
2005,Rome: Total War,2004,8,,
2005,Silent Hill 4: The Room,2004,7,,Silent Hill
2005,Star Wars Jedi Knight II: Jedi Outcast,2002,7,,Star Wars
2005,Star Wars Jedi Knight: Jedi Academy,2003,7,,Star Wars
2005,Sudeki,2004,7,,
2005,Syberia,2002,8,,Syberia
2005,Syberia II,2004,7,,Syberia
2005,The Fall: Last Days of Gaia,2004,7,,
2005,The Lord of the Rings: The Battle for Middle-earth,2004,7,,
2005,The Sims 2,2004,7,,
2005,The Suffering,2004,7,,The Suffering
2005,Tom Clancy’s Splinter Cell: Pandora Tomorrow,2004,8,,Tom Clancy’s Splinter Cell
2005,"Warhammer 40,000: Dawn of War",2004,7,,
2005,XIII,2003,8,,
2006,Advent Rising,2005,7,,
2006,Alone in the Dark: The New Nightmare,2001,8,,Alone in the Dark
2006,Battletoads & Double Dragon,1993,7,,Battletoads
2006,Black Mirror,2003,6,,Black Mirror
2006,Blood Omen 2: Legacy of Kain,2002,6,,Legacy of Kain
2006,Blood Omen: Legacy of Kain,1996,6,,Legacy of Kain
2006,BloodRayne,2002,6,,
2006,BloodRayne 2,2004,7,,
2006,Call of Duty,2003,7,,Call of Duty
2006,Cold Fear,2005,7,,
2006,Dino Crisis,1999,8,,Dino Crisis
2006,Dino Crisis 2,2000,8,,Dino Crisis
2006,Fear,2005,6,,F.E.A.R.
2006,Grand Theft Auto: San Andreas,2004,9,,Grand Theft Auto
2006,Gun,2005,7,,
2006,Half-Life 2,2004,8,,Half-Life
2006,Heroes of Might and Magic V,2006,8,,Heroes of Might and Magic
2006,Legacy of Kain: Defiance,2003,6,,Legacy of Kain
2006,Legacy of Kain: Soul Reaver,1999,6,,Legacy of Kain
2006,Legacy of Kain: Soul Reaver 2,2001,7,,Legacy of Kain
2006,Manhunt,2003,6,,
2006,Mercenaries,2005,7,,
2006,Myst IV: Revelation,2004,7,,Myst
2006,Need for Speed: Most Wanted,2005,8,,Need for Speed
2006,Peter Jackson's King Kong,2005,6,,
2006,Prince of Persia: The Two Thrones,2005,7,,Prince of Persia
2006,Psychonauts,2005,8,,
2006,Quake 4,2005,7,,
2006,Resident Evil 2,1998,9,,Resident Evil
2006,Resident Evil 4,2005,8,,Resident Evil
2006,Sacred,2004,7,,
2006,Scrapland,2004,7,,
2006,Stubbs the Zombie in Rebel Without a Pulse,2005,7,,
2006,The Addams Family,1992,6,,
2006,The Suffering: Ties That Bind,2005,7,,The Suffering
2006,Tom Clancy's Splinter Cell: Chaos Theory,2005,8,,Tom Clancy’s Splinter Cell
2006,Total Overdose,2005,7,,
2006,True Crime: New York City,2005,6,,True Crime
2006,Xenus: Точка кипения,2005,6,,
2007,Казаки II: Наполеоновские войны,2005,7,,Cossacks
2007,Ядерный титбит 2,2006,5,,Ядерный титбит
2007,Alien 3,1992,6,,
2007,Animaniacs,1994,8,,
2007,Another World,1991,8,,
2007,Bad Day L.A.,2006,4,,
2007,Bully,2006,7,,
2007,Call of Duty 2,2005,7,,Call of Duty
2007,Dark Messiah of Might and Magic,2006,6,,
2007,Deus Ex,2000,7,,
2007,Fahrenheit: Indigo Prophecy,2005,8,,
2007,Gears of War,2006,7,,
2007,Half-Life 2: Episode One,2006,8,,Half-Life
2007,Hellgate: London,2007,5,,
2007,Heroes of Might and Magic V: Hammers of Fate,2006,7,,Heroes of Might and Magic
2007,Hitman: Blood Money,2006,8,,Hitman
2007,Myst V: End of Ages,2005,7,,Myst
2007,Need for Speed: Carbon,2006,7,,Need for Speed
2007,Neverwinter Nights 2,2006,6,,
2007,ObsCure,2004,7,,ObsCure
2007,ParaWorld,2006,7,,
2007,Prey,2006,7,,
2007,Rayman Raving Rabbids,2006,8,,Rayman
2007,Sam & Max Save the World,2006,7,,Sam & Max
2007,SiN Episodes: Emergence,2006,7,,
2007,Still Life,2005,7,,Still Life
2007,Tekken 5,2004,8,,
2007,The Elder Scrolls IV: Oblivion,2006,6,,
2007,The Godfather: The Game,2006,7,,
2007,The Terminator,1992,6,,
2007,Tom Clancy’s Splinter Cell: Double Agent,2006,8,,Tom Clancy’s Splinter Cell
2008,Assassin's Creed,2007,6,,Assassin’s Creed
2008,BioShock,2007,8,,BioShock
2008,Broken Sword: The Angel of Death,2006,6,,
2008,Call of Juarez,2006,7,,Call of Juarez
2008,Colin McRae: Dirt,2007,7,,
2008,Heroes of Might and Magic V: Tribes of the East,2007,7,,Heroes of Might and Magic
2008,Kane & Lynch: Dead Men,2007,6,,Kane & Lynch
2008,King’s Bounty: The Legend,2008,8,,King’s Bounty
2008,Loki: Heroes of Mythology,2007,6,,
2008,Medal of Honor: Airborne,2007,6,,Medal of Honor
2008,ObsCure 2,2007,7,,ObsCure
2008,Overclocked: A History of Violence,2008,6,,
2008,Overlord,2007,8,,Overlord
2008,Painkiller: Overdose,2007,6,,Painkiller
2008,Peggle,2007,7,,
2008,Penumbra: Black Plague,2008,7,,Penumbra
2008,Penumbra: Overture,2007,7,,Penumbra
2008,Penumbra: Requiem,2008,6,,Penumbra
2008,Prince of Persia,2008,7,,Prince of Persia
2008,Rayman Raving Rabbids 2,2007,5,,Rayman
2008,Resident Evil,1996,8,,Resident Evil
2008,Sam & Max Beyond Time and Space,2007,7,,Sam & Max
2008,Scratches,2007,7,,
2008,TimeShift,2007,6,,
2008,Tomb Raider: Anniversary,2007,7,,Tomb Raider
2008,Tomb Raider: Legend,2006,7,,Tomb Raider
2009,4 Elements,2008,7,,
2009,Анабиоз: Сон разума,2008,6,,
2009,Тургор,2008,6,,
2009,Alone in the Dark,2008,7,,Alone in the Dark
2009,Aquaria,2008,7,,
2009,Clive Barker's Jericho,2008,6,,
2009,Crysis,2007,6,,
2009,Fallout 3,2008,7,,Fallout
2009,Half-Life 2: Episode Two,2007,8,,Half-Life
2009,King’s Bounty: Armored Princess,2009,8,,King’s Bounty
2009,Lost: Via Domus,2008,5,,
2009,Mass Effect,2007,7,,Mass Effect
2009,Mirror's Edge,2008,7,,
2009,Need for Speed: Undercover,2008,7,,Need for Speed
2009,Rise of the Argonauts,2008,6,,
2009,Saw: The Video Game,2008,5,,
2009,Sinking Island,2008,7,,
2009,Spore,2008,8,,
2009,Tomb Raider: Underworld,2008,7,,Tomb Raider
2010,Возвращение на Таинственный остров 2,2009,7,,Return to Mysterious Island
2010,Angry Birds,2009,7,,
2010,Assassin’s Creed II,2009,8,,Assassin’s Creed
2010,Barrow Hill,2006,6,,
2010,Brütal Legend,2009,5,,
2010,Call of Juarez: Bound in Blood,2009,7,,Call of Juarez
2010,Command & Conquer: Red Alert 3,2008,7,,Command & Conquer
2010,Cut the Rope,2009,7,,
2010,Dead Space,2008,8,,Dead Space
2010,DeathSpank,2009,7,,
2010,Devil May Cry 4,2008,7,,Devil May Cry
2010,F.E.A.R. 2: Project Origin,2009,7,,F.E.A.R.
2010,Gothic 3,2006,7,,Gothic
2010,Left 4 Dead,2008,8,,Left 4 Dead
2010,Machinarium,2009,7,,
2010,Overlord II,2009,7,,Overlord
2010,Plants vs. Zombies,2009,9,,Plants vs. Zombies
2010,Resident Evil 5,2009,6,,Resident Evil
2010,Still Life 2,2009,6,,Still Life
2010,The Black Mirror 2,2009,7,,Black Mirror
2010,The Chronicles of Riddick: Assault on Dark Athena,2009,8,,
2010,The Wheelman,2009,6,,
2010,Wolfenstein,2009,6,,Wolfenstein
2010,World of Goo,2008,8,,
2010,Zeno Clash,2009,6,,
2011,Arcania: Gothic 4,2010,6,,Gothic
2011,Assassin’s Creed: Brotherhood,2010,8,,Assassin’s Creed
2011,BioShock 2,2010,8,,BioShock
2011,Darksiders,2010,7,,Darksiders
2011,Dragon Age,2009,8,,Dragon Age
2011,Fable III,2010,7,,Fable
2011,Fallout: New Vegas,2010,8,,Fallout
2011,God of War,2005,8,,God of War
2011,God of War II,2007,8,,God of War
2011,Grand Theft Auto IV: The Ballad of Gay Tony,2009,9,,Grand Theft Auto
2011,Grand Theft Auto IV: The Lost and Damned,2009,8,,Grand Theft Auto
2011,Kane & Lynch 2: Dog Days,2010,6,,Kane & Lynch
2011,Mafia II,2010,8,,Mafia
2011,Mass Effect 2,2010,8,,Mass Effect
2011,Medal of Honor,2010,5,,Medal of Honor
2011,Mini Ninjas,2009,6,,
2011,Prince of Persia: The Forgotten Sands,2010,6,,Prince of Persia
2011,Risen,2009,6,,
2011,Shank,2010,7,,Shank
2011,StarCraft II: Wings of Liberty,2010,8,,StarCraft
2011,The Saboteur,2010,7,,
2011,The Settlers 7: Paths to a Kingdom,2010,7,,
2011,Tom Clancy’s Splinter Cell: Conviction,2010,7,,Tom Clancy’s Splinter Cell
2012,Alan Wake,2010,8,,
2012,Aliens versus Predator,2010,7,,
2012,Amnesia: The Dark Descent,2010,8,,Amnesia
2012,Assassin’s Creed: Revelations,2011,8,,Assassin’s Creed
2012,Batman: Arkham Asylum,2009,9,,Batman
2012,Battlefield 3,2011,7,,
2012,Bulletstorm,2011,8,,
2012,Dead Island,2011,6,,
2012,Dead Space 2,2011,9,,Dead Space
2012,Dragon Age 2,2011,5,,Dragon Age
2012,Duke Nukem Forever,2011,4,,
2012,God of War III,2010,8,,God of War
2012,Grand Theft Auto IV,2008,8,,Grand Theft Auto
2012,Heavy Rain,2010,8,,
2012,Limbo,2010,8,,
2012,Mass Effect 3,2012,8,,Mass Effect
2012,Metro 2033,2010,7,,Metro
2012,Might & Magic Heroes VI,2011,6,,Heroes of Might and Magic
2012,Rock of Ages,2011,8,,
2012,Sid Meier's Civilization V,2010,8,,
2012,Terraria,2011,8,,
2012,The Elder Scrolls V: Skyrim,2011,7,,
2012,To the Moon,2011,7,,
2013,Braid,2008,8,,
2013,Chaos on Deponia,2012,7,,Deponia
2013,Dead Space 3,2013,7,,Dead Space
2013,Deponia,2012,7,,Deponia
2013,Deus Ex: Human Revolution,2011,8,,
2013,Gwent,2018,8,,The Witcher
2013,Hitman: Absolution,2012,8,,Hitman
2013,I Am Alive,2012,5,,
2013,Lego Star Wars: The Complete Saga,2007,7,,Star Wars
2013,Magicka,2011,6,,
2013,Max Payne 3,2012,8,,Max Payne
2013,Resident Evil: Operation Raccoon City,2012,5,,Resident Evil
2013,The Walking Dead: The Game,2012,8,,The Walking Dead
2013,Tomb Raider,2013,7,,Tomb Raider
2013,XCOM: Enemy Unknown,2012,7,,
2013,Little Inferno,2012,7,,
2014,Batman: Arkham City,2011,8,,Batman
2014,BioShock Infinite,2013,8,,BioShock
2014,Call of Duty: Modern Warfare,2007,7,,Call of Duty
2014,Darksiders II,2012,7,,Darksiders
2014,Deadlight,2012,7,,
2014,Diablo II,2000,9,,Diablo
2014,Diablo III,2012,8,,Diablo
2014,DLC Quest,2011,6,,
2014,Dota 2,2013,7,,
2014,Enslaved: Odyssey to the West,2010,9,,
2014,Frozen Synapse,2011,6,,
2014,Lara Croft and the Guardian of Light,2010,7,кооп,Tomb Raider
2014,Mark of the Ninja,2012,8,,
2014,Plants vs. Zombies 2: It's About Time,2013,6,,Plants vs. Zombies
2014,Rayman Legends,2013,8,кооп,Rayman
2014,Resident Evil 6,2012,6,,Resident Evil
2014,Shelter,2013,6,,
2014,StarCraft II: Heart of the Swarm,2013,7,,StarCraft
2014,SteamWorld Dig,2013,8,,SteamWorld
2014,The Plan,2013,7,,
2014,The Walking Dead: Season Two,2013,8,,The Walking Dead
2014,Time Mysteries 2: The Ancient Spectres,2011,6,,
2015,Bastion,2011,8,,
2015,Batman: Arkham Origins,2013,8,,Batman
2015,Bird Assassin,2014,5,,
2015,Call of Duty: World at War,2008,5,,Call of Duty
2015,Castlevania: Lords of Shadow,2010,8,,Castlevania
2015,Goodbye Deponia,2013,7,,Deponia
2015,Injustice: Gods Among Us,2013,6,,
2015,Journey,2012,8,,
2015,Meltdown,2014,6,,
2015,Mortal Kombat,2011,8,,Mortal Kombat
2015,Murdered: Soul Suspect,2014,5,,
2015,Path of Exile,2013,7,,
2015,RealMyst: Masterpiece Edition,2014,7,,Myst
2015,Sparkle 2 Evo,2011,6,,Sparkle
2015,Spec Ops: The Line,2012,8,,
2015,Surgeon Simulator,2013,6,,
2015,The Stanley Parable,2011,7,,
2015,The Swapper,2013,8,,
2015,The Vanishing of Ethan Carter,2014,6,,
2015,The Witcher,2007,8,,The Witcher
2015,The Witcher 2: Assassins of Kings,2011,9,,The Witcher
2015,Transistor,2014,7,,
2015,Trine,2009,8,,Trine
2016,A Bird Story,2014,5,,
2016,Call of Cthulhu: Dark Corners of the Earth,2005,7,,
2016,Call of Duty: Modern Warfare 2,2009,7,,Call of Duty
2016,Castlevania: Lords of Shadow - Mirror of Fate,2013,8,,Castlevania
2016,Fez,2012,7,,
2016,Fine Sweeper,2015,7,,
2016,Game of Thrones,2014,7,,
2016,Hotline Miami,2012,6,,
2016,Lego Marvel Super Heroes,2013,8,кооп,Lego Marvel
2016,LittleBigPlanet 2,2011,7,кооп,LittleBigPlanet
2016,Mini Motor Racing EVO,2013,5,,
2016,South Park: The Stick of Truth,2014,7,,
2016,StarCraft II: Legacy of the Void,2015,7,,StarCraft
2016,The Expendabros,2014,8,кооп,
2016,The Walking Dead: Michonne,2016,7,,The Walking Dead
2016,The Witcher 3: Wild Hunt,2015,10,,The Witcher
2016,The Wolf Among Us,2013,8,,
2016,Until Dawn,2015,8,,
2017,Abzû,2016,8,,
2017,Among the Sleep,2014,6,,
2017,Batman: The Telltale Series,2016,7,,Batman
2017,Braveland,2014,6,,Braveland
2017,Braveland Pirate,2015,6,,Braveland
2017,Broforce,2015,8,кооп,
2017,Call of Duty: Black Ops,2010,7,,Call of Duty
2017,Dreamfall Chapters,2015,6,,The Longest Journey
2017,Dreamfall: The Longest Journey,2006,7,,The Longest Journey
2017,DuckTales: Remastered,2013,7,,DuckTales
2017,Dust: An Elysian Tail,2012,7,,
2017,Grand Theft Auto V,2013,8,,Grand Theft Auto
2017,Kung Fury: Street Rage,2015,6,,
2017,Life Is Strange,2015,8,,Life Is Strange
2017,Pixel Puzzles: UndeadZ,2014,6,,
2017,"Please, Don't Touch Anything",2015,8,,
2017,Resident Evil: Revelations,2012,7,,Resident Evil
2017,Soma,2015,8,,
2017,Stardew Valley,2016,8,,
2017,The Beginner's Guide,2015,6,,
2017,The Last of Us,2013,9,,The Last of Us
2017,The Longest Journey,1999,7,,The Longest Journey
2017,The Talos Principle,2014,7,,
2017,Ty the Tasmanian Tiger 4,2015,5,,
2017,Uncharted 4: A Thief's End,2016,8,,
2017,Wolfenstein: The New Order,2014,8,,Wolfenstein
2017,Wolfenstein: The Old Blood,2015,7,,Wolfenstein
2018,Бесконечное Лето,2013,7,,
2018,Alien: Isolation,2014,8,,
2018,Assassin’s Creed III,2012,7,,Assassin’s Creed
2018,Assassin’s Creed IV: Black Flag,2013,7,,Assassin’s Creed
2018,Batman: Arkham Knight,2015,8,,Batman
2018,Beyond Good & Evil,2003,10,,
2018,Bridge Constructor,2011,6,,
2018,Brothers: A Tale of Two Sons,2013,10,,
2018,Call of Duty: Modern Warfare 3,2011,6,,Call of Duty
2018,Castle of Illusion Starring Mickey Mouse,2013,8,,
2018,Castlevania: Lords of Shadow 2,2014,7,,Castlevania
2018,CAYNE,2017,8,,
2018,Divinity: Original Sin,2014,8,,
2018,Doki Doki Literature Club!,2017,5,,
2018,Far Cry 3,2012,7,,Far Cry
2018,Far Cry 3: Blood Dragon,2013,8,,Far Cry
2018,Firewatch,2016,8,,
2018,Grow Home,2015,8,,Grow Home
2018,INSIDE,2016,10,,
2018,Irony Of Nightmare,2017,6,,
2018,Layers of Fear,2016,8,,Layers of Fear
2018,Left 4 Dead 2,2009,8,,Left 4 Dead
2018,Mother Russia Bleeds,2016,7,кооп,
2018,Ori and the Blind Forest,2015,8,,Ori
2018,"Papers, Please",2013,8,,
2018,Plague Inc.,2012,8,,
2018,Rise of the Tomb Raider,2015,6,,Tomb Raider
2018,Sonic Adventure DX,2003,6,,Sonic the Hedgehog
2018,Star Wars: The Force Unleashed,2008,7,,Star Wars
2018,Star Wars: The Force Unleashed II,2010,7,,Star Wars
2018,Stasis,2015,8,,
2018,SteamWorld Heist,2015,8,,SteamWorld
2018,The Awesome Adventures of Captain Spirit,2018,7,,
2018,The Walking Dead: A New Frontier,2016,6,,The Walking Dead
2018,The Witness,2016,9,,
2018,Undertale,2015,7,,
2018,Valiant Hearts: The Great War,2014,8,,
2019,Assassin's Creed: Rogue,2014,7,,Assassin’s Creed
2019,Call of Duty: Black Ops 2,2012,7,,Call of Duty
2019,Crash Bandicoot N. Sane Trilogy,2017,8,,
2019,Cuphead,2017,8,,
2019,Lara Croft GO,2015,7,,Tomb Raider
2019,Life Is Strange: Before the Storm,2017,8,,Life Is Strange
2019,Mortal Kombat X,2015,7,,Mortal Kombat
2019,Sonic & Sega All-Stars Racing,2010,7,,Sonic the Hedgehog
2019,SteamWorld Dig 2,2017,8,,SteamWorld
2020,9 Clues: The Secret of Serpent Creek,2013,7,,
2020,Abyss: The Wraiths of Eden,2012,7,,
2020,Amnesia 2: A Machine for Pigs,2013,6,,Amnesia
2020,Apotheon,2015,7,,
2020,Assassin's Creed Chronicles,2015,6,,Assassin’s Creed
2020,Assassin’s Creed: Syndicate,2015,7,,Assassin’s Creed
2020,Assassin's Creed: Unity,2014,7,,Assassin’s Creed
2020,Battletoads,1991,7,кооп,Battletoads
2020,Bayonetta,2009,9,,Bayonetta
2020,Call of Duty: Ghosts,2013,7,,Call of Duty
2020,Comix Zone,1995,8,,
2020,Darkwing Duck,1992,8,,
2020,Demolition Man,1994,7,,
2020,Diablo,1996,7,,Diablo
2020,Doom,2016,7,,Doom
2020,Dune II,1992,8,,Dune
2020,Earthworm Jim,1994,9,,Earthworm Jim
2020,Earthworm Jim 2,1995,9,,Earthworm Jim
2020,Enigmatis 2: The Mists of Ravenwood,2019,7,,Enigmatis
2020,Enigmatis 3: The Shadow of Karkhala,2019,7,,Enigmatis
2020,Enigmatis: The Ghosts of Maple Creek,2019,7,,Enigmatis
2020,Fallout Shelter,2015,6,,Fallout
2020,Frostpunk,2018,8,,
2020,Golden Axe,1989,7,кооп,Golden Axe
2020,Golden Axe II,1991,7,кооп,Golden Axe
2020,Golden Axe III,1993,9,кооп,Golden Axe
2020,Grim Legends 2: Song of the Dark Swan,2019,7,,Grim Legends
2020,Grim Legends 3: The Dark City,2019,7,,Grim Legends
2020,Grim Legends: The Forsaken Bride,2019,7,,Grim Legends
2020,Jets’n’Guns,2004,8,,
2020,Little Nightmares,2017,8,,
2020,Metal Gear Solid,1998,9,,
2020,Metal Slug,1996,8,кооп,Metal Slug
2020,Metal Slug 2,1998,8,кооп,Metal Slug
2020,Metal Slug 3,2000,8,кооп,Metal Slug
2020,Metal Slug X,1999,8,кооп,Metal Slug
2020,Nightmares from the Deep,2012,7,,Nightmares from the Deep
2020,Nightmares from the Deep 2,2013,7,,Nightmares from the Deep
2020,Nightmares from the Deep 3: Davy Jones,2014,7,,Nightmares from the Deep
2020,Pong,1972,7,,
2020,Punch Club,2019,8,,
2020,Pyre,2017,8,,
2020,Rage,2011,6,,
2020,Remember Me,2013,8,,
2020,Resident Evil 7,2017,9,,Resident Evil
2020,Resident Evil: Revelations 2,2015,6,,Resident Evil
2020,Rime,2017,8,,
2020,Robocop 3,1992,7,,RoboCop
2020,RoboCop Versus The Terminator,1993,8,,RoboCop
2020,S.T.A.L.K.E.R.,2007,8,,
2020,Slain: Back from Hell,2016,5,,
2020,Sleeping Dogs,2012,7,,
2020,Snake Rattle 'n' Roll,1990,6,,
2020,Space Invaders,1978,7,,
2020,Spelunky,2008,5,,
2020,Spider-Man and Venom: Maximum Carnage,1994,5,,
2020,Spyro Reignited Trilogy,2017,8,,
2020,This Is the Police,2016,8,,
2020,Titan Quest,2006,8,кооп,Titan Quest
2020,Titan Souls,2015,7,,
2020,Tom Clancy’s Splinter Cell: Blacklist,2013,7,,Tom Clancy’s Splinter Cell
2020,Watch Dogs,2014,7,,Watch Dogs
2020,Watch Dogs 2,2016,7,,Watch Dogs
2020,Werewolf: The Last Warrior,1990,6,,
2021,Петька и Василий Иванович спасают Галактику,1998,7,,Петька и Василий Иванович
2021,Amnesia 3: Rebirth,2020,8,,Amnesia
2021,Armikrog,2015,6,,
2021,Batman: The Enemy Within - The Telltale Series,2017,6,,Batman
2021,Battletoads,2020,7,кооп,Battletoads
2021,Beholder,2016,5,,
2021,Black Book,2021,8,,
2021,Call of Duty: Advanced Warfare,2014,7,,Call of Duty
2021,Celeste,2018,8,,
2021,Company of Heroes,2006,7,,Company of Heroes
2021,Contrast,2013,8,,Contra
2021,Cube Escape Paradox,2018,7,,
2021,Dark Souls,2011,8,,Dark Souls
2021,Dark Souls 2,2014,8,,Dark Souls
2021,Dark Souls 3,2016,8,,Dark Souls
2021,Dragon Age 3: Inquisition,2014,7,,Dragon Age
2021,Far Cry 4,2014,6,,Far Cry
2021,Far Cry: Primal,2016,6,,Far Cry
2021,Gone Home,2013,7,,
2021,Grow Up,2016,8,,Grow Home
2021,Hellblade: Senua's Sacrifice,2017,8,,
2021,Hello Neighbor,2017,6,,Hello Neighbor
2021,Hollow Knight,2017,9,,
2021,Kairo,2012,5,,
2021,Killer Instinct,2013,6,,
2021,Layers of Fear 2,2018,7,,Layers of Fear
2021,Lego Harry Potter: Years 1-4,2010,7,кооп,Lego Harry Potter
2021,Life Goes On: Done to Death,2014,8,,
2021,Lifeless Planet,2014,5,,
2021,Metal Gear Rising: Revengeance,2013,7,,
2021,Middle Earth: Shadow of Mordor,2014,6,,
2021,My Brother Rabbit,2018,9,,
2021,Outlast,2013,6,,Outlast
2021,Sonic Generations,2011,8,,Sonic the Hedgehog
2021,The Floor is Jelly,2014,6,,
2021,The Room,2012,9,,The Room
2021,The Room 2,2013,9,,The Room
2021,The Room 3,2015,9,,The Room
2021,The Room 4: Old Sins,2018,9,,The Room
2021,Torchlight,2009,7,,Torchlight
2021,Trine 2,2011,7,кооп,Trine
2021,Two Point Hospital,2018,7,,
2021,Type:Rider,2013,7,,
2022,"About love, Hate and the others ones",2014,6,,
2022,Aperture Desk JOB,2022,8,,
2022,Assassin's Creed: Origins,2017,7,,Assassin’s Creed
2022,Badland,2015,7,,
2022,Battle Group 2,2014,6,кооп,
2022,BIT.TRIP RUNNER,2011,7,,
2022,Call of Duty: Black Ops 3,2015,7,,Call of Duty
2022,Call of Duty: Infinity Warfare,2016,7,,Call of Duty
2022,Company of Heroes 2,2013,6,,Company of Heroes
2022,Darkness Within,2009,4,,
2022,Decay: The Mare,2015,5,,
2022,Disco Elysium,2019,8,,
2022,Doom Eternal,2018,8,,Doom
2022,Doorways Prelude,2013,3,,
2022,Draw Slasher,2016,5,,
2022,Dying Light,2015,7,,
2022,Evoland,2013,8,,
2022,Far Cry 5,2018,7,,Far Cry
2022,FAR: Lone Sails,2018,8,,FAR
2022,Frederic: Ressurection of Music,2014,7,,
2022,God of War,2018,9,,God of War
2022,GRIS,2018,7,,
2022,Hades,2020,7,,
2022,Horny Goddesses Quiz,2021,6,,
2022,Injustice 2,2017,6,кооп,
2022,L.A. Noire,2011,7,,
2022,Legacy of the Elder Star,2016,5,,
2022,Lego Batman the Video Game,2008,7,кооп,Batman
2022,Lego Harry Potter: Years 5-7,2011,7,кооп,Lego Harry Potter
2022,Ni no Kuni Wrath of the White Witch,2019,7,,
2022,ORI and the Will of the Whisps,2020,8,,Ori
2022,Outlast 2,2017,6,,Outlast
2022,Platypus,2004,7,,
2022,Quantum Break,2016,7,,
2022,Rochard,2011,8,,
2022,RYSE Son of Rome,2014,5,,
2022,Shadow of the Tomb Raider,2018,4,,Tomb Raider
2022,Sky Force Anniversary,2015,7,,Sky Force
2022,Star Wars Jedi: Fallen Order,2019,9,,Star Wars
2022,Teslagrad,2013,6,,
2022,The First Tree,2017,5,,
2022,The Great Perhaps,2019,6,,
2022,Titan Quest: Anniversary Edition,2016,8,кооп,Titan Quest
2022,Trine 3,2015,7,кооп,Trine
2022,Trine 4,2019,8,кооп,Trine
2023,Age of Empires Definitive Edition,2018,8,,
2023,As Dusk Falls,2022,9,,
2023,Call of Duty: WWII,2017,8,,Call of Duty
2023,Days Gone,2019,7,,
2023,Do Not Feed the Monkeys,2018,8,,
2023,Dredge,2023,8,,
2023,FAR: Changing Tides,2022,8,,FAR
2023,Floating Point,2014,3,,
2023,Forza Horizon 4,2020,8,,
2023,God of War: Ragnarök,2022,10,,God of War
2023,Guacamelee!,2013,8,кооп,Guacamelee!
2023,Guacamelee! 2,2018,9,кооп,Guacamelee!
2023,Horizon Zero Down,2017,8,,
2023,Immortals Fenyx Rising,2020,7,,
2023,It Takes Two,2021,10,кооп,
2023,Lara Croft and the Temple of Osiris,2014,6,кооп,Tomb Raider
2023,Lego Batman 2: DC Super Heroes,2012,7,кооп,Batman
2023,Lego Batman 3: Beyond Gotham,2014,6,кооп,Batman
2023,Lego Marvel's Avengers,2016,7,кооп,Lego Marvel
2023,Lego The Incredibles,2018,7,кооп,
2023,LittleBigPlanet 3,2014,7,кооп,LittleBigPlanet
2023,Moving Out,2020,8,кооп,
2023,Orcs Must Die!,2011,8,,Orcs Must Die!
2023,Overcooked,2016,9,кооп,Overcooked
2023,Overcooked 2,2018,9,кооп,Overcooked
2023,Ratchet & Clank: Сквозь миры,2021,7,,
2023,Rayman Origins,2011,8,кооп,Rayman
2023,Renegade Ops,2011,8,кооп,
2023,Resident Evil 2 Remake,2019,9,,Resident Evil
2023,Resident Evil 3,2020,8,,Resident Evil
2023,Resident Evil Village,2021,9,,Resident Evil
2023,Shadowrun Returns,2013,8,,Shadowrun
2023,Shadowrun: Dragonfall,2014,8,,Shadowrun
2023,Shank 2,2012,8,,Shank
2023,Sparkle 3 Genesis,2015,7,,Sparkle
2023,Teenage Mutant Ninja Turtles- Shredders Revenge,2022,9,кооп,Teenage Mutant Ninja Turtles
2023,The Dark Pictures Anthology: House of Ashes,2021,7,,The Dark Pictures Anthology
2023,The Dark Pictures Anthology: Little Hope,2020,7,,The Dark Pictures Anthology
2023,The Dark Pictures Anthology: Man of Medan,2019,7,,The Dark Pictures Anthology
2023,The Dark Pictures Anthology: The Devil in Me,2022,7,,The Dark Pictures Anthology
2023,The Deadly Tower of Monsters,2016,7,,
2023,The Last of Us Part II,2020,9,,The Last of Us
2023,Unpacking,2021,9,,
2023,Wolfenstein II: The New Colossus,2017,9,,Wolfenstein
2023,Figment,2017,7,,
2023,Enter the Gungeon,2016,7,кооп,
2023,The Walking Dead: The Final Season,2018,8,,The Walking Dead
2023,Orcs Must Die! 2,2012,7,,Orcs Must Die!
2023,Eroico,2017,8,,
2023,Thronebreaker: The Witcher Tales,2018,8,,The Witcher
2023,Resident Evil 0 HD Remaster,2016,5,,Resident Evil
2023,What Remains of Edith Finch,2017,10,,
2023,Borderlands,2009,6,кооп,
2023,Baldur’s Gate,1998,7,,Baldur’s Gate
2023,Slime Rancher,2017,7,,
2023,Jusant,2023,9,,
2016,Witcher 3: Blood and Wine,2016,9,,The Witcher
2024,Baldur’s Gate II: Shadows of Amn,2000,8,,Baldur’s Gate
2024,Baldur’s Gate II: Throne of Bhaal,2001,8,,Baldur’s Gate
2024,Terra Nil,2023,8,,
2024,The Ascent,2021,5,кооп,
2024,Cocoon,2023,8,,
2024,Magicka 2,2015,7,кооп,
2024,Streets of Rage 4,2020,9,кооп,Streets of Rage
2024,Botanicula,2012,8,,
2024,Lego DC Super-Villains,2018,7,кооп,
2024,Trine 5: A Clockwork Conspiracy,2023,7,кооп,Trine
2024,Castle Crashers,2008,8,кооп,
2024,Poppy Playtime Chapter 1,2021,7,,Poppy Playtime
2024,Poppy Playtime Chapter 2,2022,7,,Poppy Playtime
2024,Poppy Playtime Chapter 3,2024,8,,Poppy Playtime
2024,Pummel Party,2018,7,кооп,
2024,A Way Out,2018,8,кооп,
2024,Lovers in a Dangerous Spacetime,2015,7,кооп,
2024,Super Bunny Man,2023,4,кооп,
2024,Cyberpunk 2077,2020,9,,Cyberpunk 2077
2024,Cyberpunk 2077: Phantom Liberty,2023,9,,Cyberpunk 2077
2024,Midnight Monitor,2024,7,,
2024,Exit 8,2023,6,,
2024,Viewfinder,2023,7,,
2024,Hospital 666,2024,8,,
2024,Contra: Operation Galuga,2024,8,,Contra
2024,Sea of Stars,2023,9,,
2024,Leisure Suit Larry: In the Land of The Lounge Lizards,1987,5,,
2024,AER Memories of Old,2017,6,,
2024,Ibb and Obb,2013,7,кооп,
2024,Machinika Museum,2021,8,,
2024,Hello Neighbor 2,2022,7,,Hello Neighbor
2024,Only Up!,2023,7,,
2024,Schoolboy Runaway,2024,4,,
2024,Chained Together,2024,7,кооп,
2024,Summer'58,2021,6,,
2024,Doors: Paradox,2022,7,,
2024,Baldur’s Gate III,2023,9,,Baldur’s Gate
2024,Subnautica,2018,8,,Subnautica
2024,Call of Duty: Black Ops Cold War,2020,7,,Call of Duty
2024,The Binding of Isaac,2011,9,кооп,
2024,My Friend Pedro,2019,8,,
2024,Unruly Heroes,2019,5,кооп,
2024,The Professional,2023,1,,
2024,Supernatural,2024,6,,
2024,Indika,2024,8,,
2024,River City Girls,2019,8,кооп,
2024,Sky Force Reloaded,2016,8,кооп,Sky Force
2024,Shinkansen 0,2024,7,,
2024,Laika: Aged Through Blood,2023,8,,
2024,SteamWorld Build,2023,8,,SteamWorld
2024,Viscera Cleanup Detail,2015,7,кооп,
2024,RoboCop: Rogue City,2023,7,,RoboCop
2024,Neva,2024,8,,
2024,RAFT,2022,8,кооп,
2024,Boxes: Lost Fragments,2024,7,,
2024,Iron Meat,2024,9,кооп,
2024,Finding Frankie,2024,7,,
2024,The Smurfs Dreams,2024,6,кооп,
2024,Red Dead Redemption,2010,9,,Red Dead Redemption
2024,Red Dead Redemption: Undead Nightmare,2010,6,,Red Dead Redemption
2024,Superliminal,2019,7,,
2024,Sine Mora,2012,8,кооп,
2024,Unepic,2011,10,,
2024,Pacific Drive,2024,8,,
2025,Power Wash Simulator,2021,8,,PowerWash Simulator
2025,The Cave,2013,7,,
2025,DmC: Devil May Cry,2013,8,,Devil May Cry
2025,The Plucky Squire,2024,7,,
2025,Marvel’s Spider-Man,2018,8,,Marvel’s Spider-Man
2025,Split Fiction,2025,10,кооп,
2025,Subnautica: Below Zero,2021,8,,Subnautica
2025,Poppy Playtime Chapter 4,2025,7,,Poppy Playtime
2025,Is this Game Trying to Kill Me?,2024,9,,
2025,A game about digging hole,2025,7,,
2025,Amanda the Adventurer,2023,6,,
2025,Sonic Mania,2017,7,кооп,Sonic the Hedgehog
2025,Bad Ass Babes,2016,4,,
2025,Marvel’s Spider-Man: Miles Morales,2020,8,,Marvel’s Spider-Man
2025,Darksiders Genesis,2019,7,кооп,Darksiders
2025,Biped,2024,8,кооп,Biped
2025,Miside,2023,6,,
2025,Life is Strange 2,2018,6,,Life Is Strange
2025,For the King,2017,7,кооп,
2025,Alien Breed: Impact,2010,8,,Alien Breed
2025,Aqua Kitty UDX,2018,7,кооп,
2025,Super Meat Boy,2010,8,,
2025,Bread & Fred,2023,4,кооп,
2025,New Super Mario Bros. U Deluxe,2019,8,,Super Mario
2025,Super Mario Galaxy,2007,10,,Super Mario
2025,Pilo and the Holobook,2025,7,,
2025,Marvel’s Spider-Man 2,2023,7,,Marvel’s Spider-Man
2025,Alien Breed 2: Assault,2010,7,,Alien Breed
2025,Brotato,2023,8,кооп,
2025,Sunset Overdrive,2014,7,,
2025,Who's at the door?,2025,8,,
2025,Bayonetta 2,2014,7,,Bayonetta
2025,Alien Breed 3: Descent,2010,6,,Alien Breed
2025,Selfloss,2024,5,,
2025,While Waiting,2025,8,,
2025,Torchlight 2,2012,8,кооп,Torchlight
2025,One-Eyed Likho (Лихо одноглазое),2025,8,,
2025,Heavenly Bodies,2021,9,кооп,
2025,Haven,2020,8,кооп,
2025,Copycat,2024,5,,
2025,KeyWe,2021,8,кооп,
2025,Vampire Survivors,2022,8,кооп,
2025,Super Mario Bros. Wonder,2023,8,,Super Mario
2025,Baba Is You,2019,7,,
2025,LEGO Voyagers,2025,8,кооп,
2025,The Cabin Factory,2024,8,,
2025,Peak,2025,9,кооп,
2025,Animal Crossing: New Horizons,2020,7,,
2025,Coffee & Boobs,2025,7,,
2025,LEGO Pirates of the Caribbean: The Video Game,2011,7,кооп,
2025,Assassin’s Creed Odyssey,2018,8,,Assassin’s Creed
2025,Scott Pilgrim vs. the World: The Game,2010,6,,
2025,Biped 2,2025,5,кооп,Biped
2025,The Mortuary Assistant,2022,7,,
2025,BloodMoney!,2025,4,,
2025,Fall Words,2024,5,,
2025,Graveyard Keeper,2018,7,,
2025,Dispatch,2025,10,,
2025,A Little to the Left,2022,9,,
2026,PowerWash Simulator 2,2025,7,кооп,PowerWash Simulator
2026,Super Mario 3D World,2013,8,,Super Mario
2026,Bowser’s Fury,2021,9,,Super Mario
2026,Metro 2033 Redux,2014,7,,Metro
2026,Metro: Last Light Redux,2014,7,,Metro
2026,Keeper,2025,9,,
2026,Super Mario Sunshine,2002,6,,Super Mario
2026,The House of Da Vinci,2017,6,,
2026,BattleBlock Theater,2014,8,кооп,
2026,Nuclear Throne,2015,8,кооп,
2026,Super Mario 64,1996,5,,Super Mario
2026,Clair Obscur: Expedition 33,2025,9,,
2026,Monument Valley,2014,8,,Monument Valley
2026,Poppy Playtime — Chapter 5,2026,7,,Poppy Playtime
2026,Marvel’s Guardians of the Galaxy,2021,8,,
2026,Monument Valley 2,2017,8,,Monument Valley
2026,Reanimal,2026,7,кооп,
2026,Metro Exodus,2019,8,,Metro
2026,Into the Breach,2018,8,,
2026,Disney Illusion Island,2023,5,,
2026,Hero Siege,2014,5,кооп,
2026,Pico Park ,2016,6,кооп,
2026,Blazing Beaks,2019,8,кооп,
2026,Pizza Possum,2023,7,кооп,
2026,Blazing Chrome,2019,8,кооп,
2026,Resident Evil 4 Remake,2023,9,,Resident Evil
2026,Souper Game,2026,8,,
2026,Party Club,2025,5,кооп,
2026,Super Mario Odyssey,2017,9,,Super Mario
